{"stats":{"minecraft:custom":{"minecraft:open_barrel":20,"minecraft:leave_game":29,"minecraft:time_since_death":59457,"minecraft:sprint_one_cm":275946,"minecraft:drop":114,"minecraft:play_time":1222809,"minecraft:deaths":21,"minecraft:jump":4219,"minecraft:walk_on_water_one_cm":45612,"minecraft:interact_with_loom":3,"minecraft:damage_dealt":160,"minecraft:crouch_one_cm":79271,"minecraft:inspect_dispenser":110,"minecraft:inspect_dropper":7,"minecraft:mob_kills":1,"minecraft:interact_with_anvil":4,"minecraft:climb_one_cm":16203,"minecraft:walk_one_cm":2729691,"minecraft:sneak_time":26363,"minecraft:total_world_time":1455173,"minecraft:time_since_rest":59480,"minecraft:damage_taken":120,"minecraft:trigger_trapped_chest":6,"minecraft:fly_one_cm":3887469,"minecraft:fall_one_cm":9025},"minecraft:picked_up":{"minecraft:redstone_block":6,"minecraft:anvil":1,"minecraft:potion":2,"minecraft:enchanted_book":1,"minecraft:stone_brick_stairs":1,"minecraft:string":2,"minecraft:sticky_piston":1,"create:piston_extension_pole":2,"minecraft:oak_sign":1,"minecraft:diamond_leggings":2,"create:sticky_mechanical_piston":3,"create:polished_cut_tuff_stairs":1,"create:powered_toggle_latch":1,"minecraft:redstone_torch":20,"minecraft:azalea":7,"minecraft:tipped_arrow":576,"minecraft:blue_wool":1,"minecraft:torch":2,"fantasyfurniture:bone/skeleton/drawer":3,"minecraft:pointed_dripstone":23,"fantasyfurniture:furniture_station":64,"minecraft:command_block":1,"create:copper_door":1,"create:andesite_door":6,"minecraft:repeater":71,"minecraft:water_bucket":1,"minecraft:andesite":1,"minecraft:tuff":1,"minecraft:map":4,"minecraft:dirt":26,"minecraft:wheat_seeds":2,"minecraft:moss_block":1,"create:super_glue":2,"minecraft:debug_stick":14,"create:gearshift":3,"minecraft:grass_block":2,"fantasyfurniture:decorations/gravestone":64,"minecraft:polished_andesite":2,"minecraft:soul_lantern":6,"minecraft:lever":2,"minecraft:lingering_potion":21,"minecraft:stone_brick_wall":1,"create:propeller":1,"create:cut_ochrum_slab":1,"minecraft:flint_and_steel":1,"minecraft:item_frame":71,"create:redstone_link":80,"fantasyfurniture:dunmer/cushion":1,"create:clutch":1,"minecraft:spruce_trapdoor":64,"create:sequenced_gearshift":1,"minecraft:lime_wool":17,"minecraft:oak_door":1,"minecraft:stone_button":4,"minecraft:redstone":20,"minecraft:arrow":1,"create:polished_cut_dripstone_slab":1,"minecraft:black_banner":1,"minecraft:chiseled_bookshelf":1,"minecraft:filled_map":8,"minecraft:white_banner":16,"fantasyfurniture:decorations/berry_basket_empty":64,"minecraft:stone_bricks":97,"create:analog_lever":7,"fantasyfurniture:bone/wither/shelf":1,"create:mechanical_bearing":7,"minecraft:stone_brick_slab":1,"minecraft:red_wool":8,"create:creative_motor":3,"minecraft:oak_button":66,"minecraft:ender_pearl":1},"minecraft:used":{"fantasyfurniture:dunmer/counter":1,"fantasyfurniture:bone/skeleton/table_small":1,"fantasyfurniture:royal/shelf":1,"fantasyfurniture:necrolord/chair":1,"minecraft:moss_block":507,"fantasyfurniture:necrolord/chest":1,"fantasyfurniture:decorations/tankards_honeymead":4,"create:copper_door":1,"minecraft:moss_carpet":14,"fantasyfurniture:venthyr/table_large":1,"fantasyfurniture:bone/skeleton/bookshelf":1,"fantasyfurniture:bone/skeleton/counter":1,"minecraft:red_sand":150,"fantasyfurniture:decorations/berry_basket_sweetberry":2,"minecraft:dispenser":78,"fantasyfurniture:bone/skeleton/door_single":1,"create:piston_extension_pole":63,"minecraft:polished_blackstone":71,"minecraft:bone_block":251,"minecraft:oak_sign":4,"create:oak_window_pane":3,"minecraft:polished_basalt":3,"fantasyfurniture:decorations/venthyr_tomes":7,"fantasyfurniture:nordic/floor_light":1,"minecraft:stone":1075,"fantasyfurniture:royal/stool":1,"create:analog_lever":21,"fantasyfurniture:decorations/presents_stack_2":2,"fantasyfurniture:bone/wither/door_single":1,"create:mechanical_bearing":16,"minecraft:spruce_leaves":24,"minecraft:debug_stick":1754,"fantasyfurniture:nordic/dresser":5,"fantasyfurniture:necrolord/wardrobe_bottom":1,"fantasyfurniture:royal/floor_light":1,"fantasyfurniture:decorations/nordic_boiled_creme_treats":3,"create:white_sail":9,"minecraft:orange_wool":62,"fantasyfurniture:royal/oven":1,"fantasyfurniture:decorations/dunmer_pottery_1":1,"fantasyfurniture:venthyr/table_small_fancy":5,"minecraft:tuff":724,"fantasyfurniture:dunmer/table_small":1,"fantasyfurniture:venthyr/table_large_fancy":1,"fantasyfurniture:necrolord/bookshelf":1,"fantasyfurniture:decorations/mushrooms_brown":3,"fantasyfurniture:decorations/brewing_cauldron":2,"fantasyfurniture:nordic/wardrobe_bottom":2,"fantasyfurniture:dunmer/cushion":6,"fantasyfurniture:venthyr/desk_right":1,"fantasyfurniture:bone/skeleton/carpet":1,"minecraft:jungle_sapling":36,"minecraft:glass":2,"minecraft:crimson_button":1,"fantasyfurniture:decorations/venthyr_food_1":5,"fantasyfurniture:venthyr/stool":3,"fantasyfurniture:royal/lockbox":1,"minecraft:red_wool":365,"fantasyfurniture:nordic/bookshelf":1,"minecraft:lantern":6,"minecraft:grass_block":628,"minecraft:green_wool":69,"fantasyfurniture:bone/wither/counter":1,"create:rose_quartz_lamp":4,"fantasyfurniture:decorations/nordic_soul_gems_dark":1,"fantasyfurniture:venthyr/wardrobe_bottom":1,"minecraft:polished_andesite_stairs":5,"fantasyfurniture:bone/skeleton/chandelier":1,"minecraft:warped_nylium":4,"fantasyfurniture:dunmer/chair":1,"fantasyfurniture:bone/skeleton/desk_left":1,"create:copper_bars":7,"fantasyfurniture:decorations/bone_skeleton_chalices":3,"minecraft:repeater":87,"fantasyfurniture:bone/skeleton/chair":1,"fantasyfurniture:venthyr/door_single":2,"fantasyfurniture:bone/wither/table_wide":1,"fantasyfurniture:necrolord/carpet":1,"minecraft:stone_brick_stairs":348,"fantasyfurniture:bone/skeleton/table_large":1,"minecraft:stone_bricks":5138,"fantasyfurniture:royal/table_wide":1,"minecraft:birch_button":2,"minecraft:item_frame":101,"fantasyfurniture:dunmer/chandelier":1,"fantasyfurniture:decorations/presents_stack_1":5,"fantasyfurniture:royal/desk_right":1,"fantasyfurniture:venthyr/lockbox":1,"fantasyfurniture:decorations/snowballs":4,"fantasyfurniture:nordic/chandelier":1,"fantasyfurniture:decorations/bolts_of_cloth":2,"fantasyfurniture:necrolord/bed_double":1,"fantasyfurniture:decorations/royal_floor_cushion":1,"minecraft:redstone_lamp":6,"create:shaft":22,"fantasyfurniture:bone/wither/chest":1,"fantasyfurniture:dunmer/table_large":1,"fantasyfurniture:venthyr/drawer":2,"create:ornate_iron_window_pane":13,"create:mechanical_piston":6,"fantasyfurniture:decorations/venthyr_widow_bloom":1,"fantasyfurniture:venthyr/painting_small":1,"minecraft:oak_sapling":9,"fantasyfurniture:venthyr/chandelier":1,"fantasyfurniture:decorations/cookie_jar":3,"fantasyfurniture:dunmer/drawer":5,"fantasyfurniture:decorations/bone_skeleton_skull_blossoms":1,"minecraft:skeleton_skull":10,"fantasyfurniture:decorations/dunmer_pottery_0":2,"create:sequenced_gearshift":10,"fantasyfurniture:nordic/painting_small":1,"fantasyfurniture:dunmer/door_single":2,"fantasyfurniture:bone/wither/skull":1,"minecraft:polished_blackstone_stairs":28,"fantasyfurniture:bone/wither/desk_right":2,"fantasyfurniture:dunmer/bench":1,"minecraft:dark_oak_sapling":8,"minecraft:spider_spawn_egg":1,"fantasyfurniture:bone/skeleton/drawer":1,"fantasyfurniture:bone/skeleton/bed_double":1,"minecraft:chiseled_polished_blackstone":29,"fantasyfurniture:bone/wither/shelf":2,"fantasyfurniture:nordic/shelf":4,"minecraft:mossy_stone_bricks":34,"fantasyfurniture:venthyr/table_wide":1,"minecraft:end_rod":6,"fantasyfurniture:dunmer/sofa":1,"fantasyfurniture:decorations/bone_skeleton_pile":9,"minecraft:dropper":5,"fantasyfurniture:dunmer/desk_right":1,"minecraft:ender_pearl":5,"fantasyfurniture:venthyr/door_double":2,"fantasyfurniture:nordic/desk_left":2,"fantasyfurniture:nordic/wall_light":17,"fantasyfurniture:necrolord/wardrobe_top":1,"minecraft:black_glazed_terracotta":35,"minecraft:redstone_block":73,"fantasyfurniture:nordic/table_small":2,"fantasyfurniture:nordic/carpet":1,"fantasyfurniture:royal/door_single":1,"create:mysterious_cuckoo_clock":1,"fantasyfurniture:decorations/berry_basket_empty":7,"fantasyfurniture:necrolord/chandelier":1,"fantasyfurniture:necrolord/door_single":1,"fantasyfurniture:royal/wall_light":1,"minecraft:oak_leaves":32,"create:polished_cut_dripstone_slab":191,"fantasyfurniture:decorations/nordic_sweetrolls":4,"fantasyfurniture:bone/wither/wall_light":1,"minecraft:dark_oak_trapdoor":24,"fantasyfurniture:nordic/table_wide":3,"fantasyfurniture:decorations/stocking":1,"fantasyfurniture:dunmer/floor_light":1,"fantasyfurniture:venthyr/dresser":2,"minecraft:loom":1,"fantasyfurniture:royal/sofa":1,"fantasyfurniture:dunmer/bed_double":1,"fantasyfurniture:bone/skeleton/stool":1,"minecraft:black_banner":24,"fantasyfurniture:bone/wither/carpet":1,"fantasyfurniture:decorations/royal_chalices":4,"minecraft:lingering_potion":2,"minecraft:stone_brick_wall":53,"fantasyfurniture:decorations/royal_cushioned_crown":1,"fantasyfurniture:dunmer/wool":1,"minecraft:sticky_piston":12,"fantasyfurniture:decorations/venthyr_food_0":3,"fantasyfurniture:bone/skeleton/desk_right":1,"minecraft:redstone_torch":95,"minecraft:deepslate_tiles":6,"create:black_valve_handle":1,"fantasyfurniture:bone/skeleton/painting_wide":1,"fantasyfurniture:nordic/oven":1,"fantasyfurniture:decorations/fairy_lights_2":1,"minecraft:lever":21,"fantasyfurniture:decorations/bowl_mushroom_stew":1,"fantasyfurniture:nordic/table_large":2,"minecraft:black_concrete":167,"fantasyfurniture:bone/skeleton/door_double":2,"fantasyfurniture:decorations/bone_wither_pile":1,"fantasyfurniture:royal/door_double":3,"fantasyfurniture:dunmer/carpet":3,"fantasyfurniture:decorations/paper_stack":5,"fantasyfurniture:venthyr/shelf":2,"fantasyfurniture:decorations/berry_basket_strawberry":1,"fantasyfurniture:decorations/nordic_soul_gems_light":2,"fantasyfurniture:bone/wither/wardrobe_bottom":1,"fantasyfurniture:decorations/muffins_chocolate":7,"fantasyfurniture:bone/wither/chair":1,"minecraft:barrier":2,"fantasyfurniture:nordic/chair":1,"fantasyfurniture:decorations/venthyr_chalices":3,"minecraft:light_gray_candle":2,"minecraft:stone_button":22,"fantasyfurniture:nordic/drawer":3,"fantasyfurniture:decorations/fairy_lights_1":1,"fantasyfurniture:bone/skeleton/bed_single":1,"fantasyfurniture:bone/skeleton/skull":5,"minecraft:deepslate":1,"create:adjustable_chain_gearshift":3,"fantasyfurniture:decorations/berry_basket_blueberry":1,"fantasyfurniture:venthyr/table_wide_fancy":1,"minecraft:gravel":11,"fantasyfurniture:necrolord/table_wide":1,"fantasyfurniture:bone/wither/wool":1,"fantasyfurniture:venthyr/table_small":1,"minecraft:blackstone_slab":6,"fantasyfurniture:bone/wither/bench":1,"fantasyfurniture:venthyr/bench":1,"fantasyfurniture:bone/skeleton/dresser":1,"create:powered_toggle_latch":29,"fantasyfurniture:decorations/potion_bottles":9,"fantasyfurniture:nordic/bench":1,"fantasyfurniture:bone/skeleton/chest":1,"fantasyfurniture:venthyr/oven":1,"fantasyfurniture:dunmer/bed_single":2,"create:cut_tuff_brick_stairs":4,"minecraft:andesite":240,"minecraft:chain":4,"fantasyfurniture:decorations/spider_web_wide":2,"create:framed_glass_door":4,"create:vertical_gearbox":4,"fantasyfurniture:necrolord/door_double":2,"minecraft:white_concrete":16,"minecraft:coarse_dirt":213,"fantasyfurniture:venthyr/chair":1,"minecraft:oak_hanging_sign":5,"fantasyfurniture:dunmer/wardrobe_top":1,"create:large_cogwheel":3,"fantasyfurniture:royal/wool":1,"minecraft:bone_meal":230,"fantasyfurniture:royal/dresser":1,"fantasyfurniture:decorations/book_stack":7,"minecraft:cobweb":14,"fantasyfurniture:venthyr/wardrobe_top":3,"minecraft:azalea":318,"fantasyfurniture:royal/painting_wide":1,"minecraft:oak_trapdoor":3,"fantasyfurniture:bone/wither/painting_small":2,"minecraft:jungle_leaves":39,"minecraft:iron_bars":12,"create:brass_door":1,"fantasyfurniture:decorations/venthyr_tea_set":2,"minecraft:flint_and_steel":34,"fantasyfurniture:decorations/royal_wall_mirror_large":1,"fantasyfurniture:dunmer/painting_wide":2,"fantasyfurniture:bone/skeleton/sofa":1,"fantasyfurniture:decorations/potion_bottles_dyeable":3,"fantasyfurniture:decorations/bowl_empty":2,"minecraft:redstone":161,"fantasyfurniture:necrolord/oven":1,"fantasyfurniture:nordic/counter":1,"fantasyfurniture:bone/skeleton/bench":1,"create:vertical_framed_glass_pane":8,"fantasyfurniture:decorations/royal_candelabra":1,"fantasyfurniture:decorations/tankards_empty":7,"create:cuckoo_clock":2,"fantasyfurniture:decorations/tankards_sweetberry":2,"create:sticky_mechanical_piston":49,"fantasyfurniture:bone/wither/door_double":2,"fantasyfurniture:bone/wither/lockbox":1,"fantasyfurniture:bone/skeleton/wool":1,"fantasyfurniture:bone/wither/wardrobe_top":1,"minecraft:netherrack":5,"minecraft:oak_door":1,"fantasyfurniture:necrolord/wall_light":1,"minecraft:orange_stained_glass":4,"minecraft:torch":36,"fantasyfurniture:nordic/painting_wide":2,"minecraft:dirt":703,"fantasyfurniture:bone/wither/sofa":1,"minecraft:brewing_stand":1,"fantasyfurniture:royal/chest":1,"create:andesite_door":7,"fantasyfurniture:royal/chair":1,"minecraft:anvil":3,"fantasyfurniture:royal/bed_single":1,"fantasyfurniture:decorations/bowl_beetroot_soup":1,"fantasyfurniture:decorations/royal_platter":16,"fantasyfurniture:nordic/cushion":1,"fantasyfurniture:bone/wither/chandelier":1,"fantasyfurniture:bone/wither/oven":1,"fantasyfurniture:royal/drawer":1,"minecraft:cobblestone_wall":4,"fantasyfurniture:necrolord/lockbox":1,"fantasyfurniture:bone/wither/painting_wide":1,"fantasyfurniture:royal/chandelier":2,"fantasyfurniture:decorations/bronze_chain":1,"minecraft:warped_door":11,"fantasyfurniture:bone/wither/bed_single":2,"fantasyfurniture:decorations/royal_food_0":1,"fantasyfurniture:bone/skeleton/wardrobe_top":1,"minecraft:glow_lichen":9,"fantasyfurniture:dunmer/shelf":1,"fantasyfurniture:decorations/mushrooms_red":4,"fantasyfurniture:venthyr/wall_light":1,"fantasyfurniture:bone/skeleton/wall_light":2,"minecraft:birch_door":8,"minecraft:shroomlight":12,"minecraft:mossy_cobblestone_stairs":10,"fantasyfurniture:dunmer/door_double":4,"minecraft:stone_brick_slab":81,"minecraft:dark_oak_planks":20,"fantasyfurniture:decorations/nordic_mead_bottles":6,"create:wrench":13,"minecraft:filled_map":4,"create:gearbox":6,"minecraft:brick_stairs":1,"minecraft:jungle_log":2,"create:brass_bars":5,"fantasyfurniture:nordic/door_double":2,"fantasyfurniture:bone/skeleton/oven":1,"fantasyfurniture:venthyr/floor_light":1,"fantasyfurniture:bone/skeleton/lockbox":1,"minecraft:polished_blackstone_brick_stairs":7,"create:polished_cut_tuff_stairs":26,"fantasyfurniture:decorations/royal_wall_mirror_small":1,"minecraft:crimson_planks":2,"create:creative_motor":39,"minecraft:barrel":3,"fantasyfurniture:dunmer/desk_left":1,"fantasyfurniture:bone/wither/desk_left":1,"fantasyfurniture:necrolord/dresser":1,"minecraft:light_gray_wool":95,"minecraft:basalt":1,"fantasyfurniture:bone/wither/dresser":1,"fantasyfurniture:dunmer/dresser":1,"fantasyfurniture:venthyr/painting_wide":1,"fantasyfurniture:decorations/tankards_milk":2,"minecraft:iron_trapdoor":49,"fantasyfurniture:nordic/chest":1,"fantasyfurniture:necrolord/table_small":1,"fantasyfurniture:decorations/royal_food_1":1,"fantasyfurniture:royal/carpet":1,"fantasyfurniture:bone/wither/drawer":1,"create:cut_ochrum_slab":163,"minecraft:trapped_chest":1,"fantasyfurniture:dunmer/wall_light":1,"minecraft:stone_pressure_plate":16,"fantasyfurniture:decorations/venthyr_tea_cups":4,"minecraft:observer":9,"create:cut_tuff_stairs":7,"create:gearshift":27,"minecraft:pointed_dripstone":72,"fantasyfurniture:decorations/spider_web_small":26,"fantasyfurniture:bone/wither/stool":1,"fantasyfurniture:decorations/venthyr_candles":1,"fantasyfurniture:bone/skeleton/table_wide":6,"fantasyfurniture:bone/wither/floor_light":1,"fantasyfurniture:royal/wardrobe_top":1,"fantasyfurniture:venthyr/bed_double":1,"minecraft:water_bucket":130,"minecraft:chiseled_bookshelf":1,"fantasyfurniture:nordic/stool":1,"fantasyfurniture:decorations/royal_crown":1,"fantasyfurniture:nordic/wool":1,"minecraft:cobblestone_stairs":3,"fantasyfurniture:venthyr/desk_left":1,"fantasyfurniture:decorations/bone_wither_chalices":3,"minecraft:snow_block":1,"fantasyfurniture:decorations/venthyr_platter":16,"fantasyfurniture:bone/skeleton/shelf":1,"minecraft:birch_planks":72,"fantasyfurniture:decorations/floating_tomes":3,"minecraft:polished_andesite":190,"fantasyfurniture:necrolord/table_large":1,"fantasyfurniture:necrolord/bed_single":1,"minecraft:lime_wool":1268,"fantasyfurniture:decorations/coin_stack_iron":1,"minecraft:blue_wool":116,"fantasyfurniture:venthyr/chest":1,"fantasyfurniture:decorations/muffins_sweetberry":3,"fantasyfurniture:royal/table_small":1,"fantasyfurniture:venthyr/carpet":10,"fantasyfurniture:nordic/door_single":2,"fantasyfurniture:bone/skeleton/painting_small":1,"fantasyfurniture:necrolord/bench":1,"minecraft:deepslate_bricks":6,"minecraft:cracked_stone_bricks":43,"create:blaze_burner":8,"minecraft:polished_blackstone_bricks":62,"fantasyfurniture:nordic/desk_right":2,"fantasyfurniture:bone/skeleton/wardrobe_bottom":1,"minecraft:mossy_cobblestone":11,"fantasyfurniture:nordic/bed_double":2,"minecraft:light_gray_banner":6,"minecraft:vine":393,"minecraft:crimson_trapdoor":13,"fantasyfurniture:royal/desk_left":1,"fantasyfurniture:venthyr/wool":1,"fantasyfurniture:decorations/muffins_blueberry":4,"minecraft:birch_sign":2,"fantasyfurniture:bone/wither/table_large":1,"fantasyfurniture:venthyr/cushion":1,"fantasyfurniture:decorations/bone_wither_skull_blossoms":1,"fantasyfurniture:royal/bookshelf":1,"fantasyfurniture:nordic/sofa":3,"fantasyfurniture:royal/bench":1,"fantasyfurniture:necrolord/counter":1,"minecraft:warped_planks":2,"minecraft:mushroom_stem":6,"fantasyfurniture:royal/counter":1,"fantasyfurniture:dunmer/oven":1,"fantasyfurniture:necrolord/floor_light":1,"fantasyfurniture:royal/cushion":1,"fantasyfurniture:dunmer/wardrobe_bottom":1,"minecraft:warped_trapdoor":22,"fantasyfurniture:decorations/necrolord_candelabra":1,"fantasyfurniture:venthyr/bed_single":1,"fantasyfurniture:nordic/wardrobe_top":5,"fantasyfurniture:royal/table_large":1,"minecraft:command_block":18,"fantasyfurniture:bone/skeleton/floor_light":1,"minecraft:oak_button":11,"minecraft:map":6,"fantasyfurniture:dunmer/table_wide":1,"fantasyfurniture:bone/wither/table_small":2,"minecraft:spruce_trapdoor":13,"fantasyfurniture:necrolord/wool":2,"fantasyfurniture:dunmer/lockbox":1,"minecraft:spruce_sapling":15,"fantasyfurniture:dunmer/stool":1,"fantasyfurniture:royal/bed_double":1,"fantasyfurniture:nordic/lockbox":1,"minecraft:chiseled_stone_bricks":21,"fantasyfurniture:dunmer/painting_small":1,"fantasyfurniture:dunmer/bookshelf":1,"minecraft:green_carpet":8,"fantasyfurniture:furniture_station":2,"fantasyfurniture:decorations/venthyr_banner":4,"fantasyfurniture:bone/wither/bookshelf":1,"fantasyfurniture:royal/painting_small":1,"minecraft:cobblestone":12,"minecraft:potion":4,"fantasyfurniture:bone/wither/bed_double":1,"fantasyfurniture:nordic/bed_single":6,"fantasyfurniture:royal/wardrobe_bottom":1,"minecraft:white_banner":8,"fantasyfurniture:venthyr/sofa":1,"fantasyfurniture:venthyr/counter":1,"fantasyfurniture:decorations/gravestone":1,"minecraft:andesite_stairs":48,"create:powered_latch":1,"minecraft:bucket":10,"fantasyfurniture:decorations/coin_stack_gold":2,"minecraft:glass_pane":12,"fantasyfurniture:dunmer/chest":1,"minecraft:repeating_command_block":12,"create:clutch":19,"minecraft:end_portal_frame":1,"fantasyfurniture:decorations/stackable_pumpkins":4,"fantasyfurniture:decorations/bone_candles":1,"minecraft:stripped_oak_log":12,"create:redstone_link":106,"fantasyfurniture:decorations/hanging_herbs":1,"minecraft:splash_potion":11},"minecraft:mined":{"minecraft:pointed_dripstone":1,"create:analog_lever":5},"minecraft:dropped":{"create:super_glue":2,"fantasyfurniture:furniture_station":64,"minecraft:moss_block":1,"create:polished_cut_tuff_stairs":1,"minecraft:ender_pearl":1,"create:sequenced_gearshift":1,"minecraft:red_wool":6,"fantasyfurniture:bone/wither/shelf":1,"fantasyfurniture:decorations/berry_basket_empty":64,"minecraft:item_frame":64,"minecraft:dirt":1,"minecraft:stone_button":2,"create:copper_door":1,"minecraft:oak_door":1,"minecraft:soul_lantern":6,"minecraft:blue_wool":1,"minecraft:pointed_dripstone":1,"minecraft:lime_wool":6,"create:creative_motor":1,"minecraft:stone_brick_wall":1,"minecraft:azalea":1,"minecraft:arrow":1,"minecraft:stone_brick_stairs":1,"minecraft:enchanted_book":1,"minecraft:water_bucket":1,"create:polished_cut_dripstone_slab":1,"minecraft:diamond_leggings":2,"minecraft:command_block":1,"minecraft:chiseled_bookshelf":1,"minecraft:grass_block":2,"minecraft:torch":1,"minecraft:repeater":66,"minecraft:map":4,"fantasyfurniture:dunmer/cushion":1,"minecraft:potion":2,"create:piston_extension_pole":1,"minecraft:white_banner":16,"fantasyfurniture:bone/skeleton/drawer":3,"create:andesite_door":6,"create:clutch":1,"minecraft:stone_brick_slab":1,"minecraft:redstone":65,"minecraft:anvil":1,"minecraft:tuff":1,"minecraft:sticky_piston":1,"minecraft:debug_stick":14,"minecraft:filled_map":3,"minecraft:oak_button":64,"create:propeller":1,"create:redstone_link":66,"minecraft:spruce_trapdoor":64,"minecraft:andesite":1,"fantasyfurniture:decorations/gravestone":64,"minecraft:stone_bricks":8,"minecraft:redstone_torch":2,"create:cut_ochrum_slab":1,"create:gearshift":3},"minecraft:killed":{"minecraft:spider":1}},"DataVersion":3465}